,Loyal Customers ID
0,12359
1,12402
2,12409
3,12417
4,12422
5,12435
6,12437
7,12454
8,12476
9,12500
10,12524
11,12530
12,12573
13,12577
14,12589
15,12599
16,12613
17,12615
18,12623
19,12643
20,12645
21,12649
22,12676
23,12705
24,12714
25,12726
26,12749
27,12759
28,12805
29,12806
30,12820
31,12823
32,12835
33,12836
34,12843
35,12849
36,12853
37,12867
38,12877
39,12889
40,12917
41,12924
42,12926
43,12931
44,12933
45,12949
46,12951
47,12960
48,12970
49,12972
50,12978
51,12980
52,12982
53,12986
54,12989
55,12990
56,12997
57,13001
58,13004
59,13018
60,13027
61,13031
62,13032
63,13037
64,13052
65,13059
66,13082
67,13092
68,13097
69,13107
70,13131
71,13137
72,13141
73,13148
74,13152
75,13157
76,13162
77,13178
78,13183
79,13202
80,13203
81,13206
82,13211
83,13213
84,13214
85,13223
86,13225
87,13246
88,13249
89,13259
90,13263
91,13266
92,13291
93,13293
94,13296
95,13316
96,13317
97,13324
98,13340
99,13360
100,13382
101,13384
102,13410
103,13421
104,13426
105,13431
106,13440
107,13446
108,13451
109,13462
110,13464
111,13466
112,13527
113,13538
114,13539
115,13544
116,13552
117,13554
118,13557
119,13561
120,13562
121,13567
122,13571
123,13577
124,13591
125,13593
126,13610
127,13615
128,13617
129,13623
130,13629
131,13643
132,13648
133,13654
134,13658
135,13659
136,13662
137,13663
138,13668
139,13711
140,13719
141,13722
142,13723
143,13728
144,13736
145,13740
146,13750
147,13770
148,13772
149,13785
150,13795
151,13815
152,13821
153,13823
154,13857
155,13869
156,13870
157,13871
158,13873
159,13875
160,13883
161,13888
162,13889
163,13920
164,13921
165,13929
166,13931
167,13939
168,13952
169,13953
170,13971
171,13975
172,13979
173,14000
174,14004
175,14016
176,14035
177,14040
178,14044
179,14049
180,14057
181,14064
182,14080
183,14101
184,14105
185,14110
186,14114
187,14129
188,14134
189,14136
190,14146
191,14147
192,14152
193,14154
194,14175
195,14177
196,14186
197,14194
198,14198
199,14205
200,14209
201,14211
202,14224
203,14225
204,14227
205,14229
206,14239
207,14247
208,14249
209,14257
210,14258
211,14275
212,14276
213,14277
214,14286
215,14291
216,14292
217,14316
218,14322
219,14327
220,14334
221,14341
222,14343
223,14399
224,14401
225,14426
226,14442
227,14451
228,14455
229,14460
230,14461
231,14465
232,14467
233,14469
234,14478
235,14492
236,14493
237,14498
238,14505
239,14512
240,14515
241,14524
242,14525
243,14530
244,14532
245,14533
246,14534
247,14535
248,14541
249,14543
250,14551
251,14553
252,14555
253,14562
254,14572
255,14584
256,14585
257,14590
258,14593
259,14609
260,14615
261,14623
262,14624
263,14626
264,14640
265,14644
266,14648
267,14649
268,14651
269,14676
270,14682
271,14686
272,14692
273,14693
274,14732
275,14734
276,14735
277,14740
278,14746
279,14754
280,14755
281,14769
282,14776
283,14798
284,14817
285,14820
286,14828
287,14844
288,14850
289,14852
290,14854
291,14861
292,14867
293,14868
294,14869
295,14870
296,14882
297,14895
298,14897
299,14912
300,14913
301,14916
302,14918
303,14936
304,14942
305,14944
306,14947
307,14952
308,14966
309,14970
310,14978
311,14984
312,14988
313,14994
314,15016
315,15027
316,15030
317,15031
318,15034
319,15046
320,15062
321,15064
322,15073
323,15095
324,15122
325,15129
326,15142
327,15159
328,15164
329,15167
330,15173
331,15179
332,15182
333,15189
334,15203
335,15215
336,15218
337,15227
338,15245
339,15249
340,15251
341,15255
342,15270
343,15279
344,15290
345,15296
346,15312
347,15325
348,15339
349,15365
350,15366
351,15367
352,15377
353,15389
354,15394
355,15402
356,15420
357,15421
358,15425
359,15439
360,15456
361,15476
362,15482
363,15483
364,15489
365,15493
366,15497
367,15521
368,15523
369,15527
370,15549
371,15551
372,15561
373,15569
374,15571
375,15590
376,15600
377,15606
378,15611
379,15615
380,15622
381,15623
382,15637
383,15641
384,15652
385,15674
386,15696
387,15717
388,15719
389,15727
390,15757
391,15774
392,15789
393,15795
394,15805
395,15810
396,15812
397,15819
398,15841
399,15874
400,15879
401,15885
402,15890
403,15910
404,15920
405,15971
406,15976
407,15981
408,15998
409,16003
410,16008
411,16017
412,16019
413,16040
414,16045
415,16053
416,16085
417,16087
418,16099
419,16103
420,16104
421,16115
422,16119
423,16128
424,16130
425,16145
426,16147
427,16153
428,16155
429,16156
430,16167
431,16170
432,16176
433,16190
434,16199
435,16200
436,16202
437,16206
438,16208
439,16209
440,16225
441,16229
442,16239
443,16242
444,16253
445,16258
446,16266
447,16279
448,16292
449,16298
450,16303
451,16316
452,16325
453,16326
454,16329
455,16330
456,16331
457,16332
458,16336
459,16347
460,16351
461,16372
462,16374
463,16383
464,16387
465,16391
466,16395
467,16400
468,16407
469,16409
470,16412
471,16414
472,16416
473,16428
474,16430
475,16441
476,16444
477,16445
478,16466
479,16470
480,16471
481,16485
482,16496
483,16497
484,16503
485,16511
486,16521
487,16523
488,16531
489,16549
490,16551
491,16553
492,16554
493,16560
494,16563
495,16565
496,16571
497,16584
498,16588
499,16593
500,16607
501,16611
502,16619
503,16620
504,16623
505,16625
506,16650
507,16652
508,16655
509,16656
510,16660
511,16668
512,16670
513,16686
514,16693
515,16699
516,16701
517,16702
518,16705
519,16707
520,16727
521,16732
522,16735
523,16746
524,16748
525,16756
526,16767
527,16768
528,16772
529,16774
530,16777
531,16787
532,16788
533,16791
534,16792
535,16794
536,16797
537,16809
538,16823
539,16827
540,16841
541,16843
542,16859
543,16861
544,16868
545,16872
546,16873
547,16888
548,16889
549,16906
550,16912
551,16915
552,16918
553,16933
554,16934
555,16935
556,16938
557,16945
558,16946
559,16948
560,16960
561,16975
562,16977
563,16979
564,16984
565,16992
566,16996
567,17003
568,17006
569,17018
570,17023
571,17029
572,17041
573,17047
574,17063
575,17071
576,17075
577,17076
578,17081
579,17082
580,17083
581,17095
582,17096
583,17098
584,17101
585,17107
586,17122
587,17126
588,17127
589,17137
590,17138
591,17139
592,17141
593,17142
594,17146
595,17165
596,17179
597,17180
598,17190
599,17200
600,17203
601,17220
602,17231
603,17236
604,17239
605,17241
606,17244
607,17288
608,17290
609,17293
610,17307
611,17311
612,17314
613,17321
614,17323
615,17349
616,17350
617,17351
618,17354
619,17360
620,17362
621,17363
622,17365
623,17372
624,17373
625,17380
626,17382
627,17388
628,17404
629,17409
630,17414
631,17416
632,17421
633,17422
634,17432
635,17436
636,17442
637,17449
638,17465
639,17469
640,17504
641,17508
642,17515
643,17540
644,17544
645,17545
646,17550
647,17555
648,17560
649,17561
650,17588
651,17589
652,17593
653,17597
654,17604
655,17609
656,17611
657,17615
658,17618
659,17621
660,17623
661,17635
662,17639
663,17642
664,17644
665,17663
666,17667
667,17672
668,17683
669,17692
670,17695
671,17696
672,17700
673,17713
674,17714
675,17716
676,17726
677,17730
678,17738
679,17740
680,17742
681,17758
682,17764
683,17768
684,17769
685,17774
686,17797
687,17799
688,17807
689,17822
690,17829
691,17848
692,17851
693,17852
694,17853
695,17861
696,17862
697,17867
698,17871
699,17876
700,17913
701,17929
702,17930
703,17931
704,17935
705,17974
706,17984
707,17990
708,17994
709,17998
710,18006
711,18008
712,18022
713,18036
714,18037
715,18044
716,18057
717,18062
718,18065
719,18069
720,18095
721,18097
722,18135
723,18145
724,18149
725,18151
726,18154
727,18172
728,18178
729,18181
730,18188
731,18203
732,18220
733,18223
734,18231
735,18236
736,18241
737,18247
738,18276
739,18277
740,18283
741,18287
